timestr,cell,tgrad,wsshear,wdshear
2021-06-01 13:05:04,1,-0.10025097324573888,0.05844051739177873,-0.14470630260906386
2021-06-01 13:09:20,1,-0.10025097324573888,0.05844051739177873,-0.14470630260906386
2021-06-01 13:13:36,1,-0.10044654922147768,0.05128246317500561,-0.14048408548810837
2021-06-01 13:20:00,1,-0.10044654922147768,0.05128246317500561,-0.14048408548810837
2021-06-01 13:24:16,1,-0.10044654922147768,0.05128246317500561,-0.14048408548810837
2021-06-01 13:28:32,1,-0.10046283196137015,0.05746276840277477,-0.15696991182850523
2021-06-01 13:34:56,1,-0.10033752253203264,0.05866252350596199,-0.1490625021605365
2021-06-01 13:39:12,1,-0.10033752253203264,0.05866252350596199,-0.1490625021605365
2021-06-01 13:45:36,1,-0.10033752253203264,0.05866252350596199,-0.1490625021605365
2021-06-01 13:49:52,1,-0.10033752253203264,0.05866252350596199,-0.1490625021605365
2021-06-01 13:54:08,1,-0.10033752253203264,0.05866252350596199,-0.1490625021605365
2021-06-01 14:00:32,1,-0.10033752253203264,0.05866252350596199,-0.1490625021605365
2021-06-01 14:04:48,1,-0.10052548794197827,0.05018974581017957,-0.14404208617083794
2021-06-01 14:09:04,1,-0.10052548794197827,0.05018974581017957,-0.14404208617083794
2021-06-01 14:15:28,1,-0.10052548794197827,0.05018974581017957,-0.14404208617083794
2021-06-01 14:19:44,1,-0.10052548794197827,0.05018974581017957,-0.14404208617083794
2021-06-01 14:24:00,1,-0.10052548794197827,0.05018974581017957,-0.14404208617083794
2021-06-01 14:30:24,1,-0.10059540000848011,0.04914826729023352,0.043113346606229244
2021-06-02 10:59:12,1,-0.09640938278637103,0.0027070591175450674,0.18221451696885368
2021-06-02 11:05:36,1,-0.09640938278637103,0.0027070591175450674,0.18221451696885368
2021-06-02 11:09:52,1,-0.09640938278637103,0.0027070591175450674,0.18221451696885368
2021-06-02 11:14:08,1,-0.09640938278637103,0.0027070591175450674,0.18221451696885368
2021-06-02 11:20:32,1,-0.09640938278637103,0.0027070591175450674,0.18221451696885368
2021-06-02 11:24:48,1,-0.09640938278637103,0.0027070591175450674,0.18221451696885368
2021-06-02 11:29:04,1,-0.09640938278637103,0.0027070591175450674,0.18221451696885368
2021-06-02 11:35:28,1,-0.09723203563690186,0.00157224992735196,0.23933408632531633
2021-06-02 11:39:44,1,-0.09723203563690186,0.00157224992735196,0.23933408632531633
2021-06-02 11:44:00,1,-0.09723203563690186,0.00157224992735196,0.23933408632531633
2021-06-02 11:50:24,1,-0.09653327265882916,-0.0013379308059152252,0.22803837706979402
2021-06-02 11:54:40,1,-0.09653327265882916,-0.0013379308059152252,0.22803837706979402
2021-06-02 11:58:56,1,-0.09653327265882916,-0.0013379308059152252,0.22803837706979402
2021-06-02 12:05:20,1,-0.09653327265882916,-0.0013379308059152252,0.22803837706979402
2021-06-02 12:09:36,1,-0.09653327265882916,-0.0013379308059152252,0.22803837706979402
2021-06-02 12:13:52,1,-0.09653327265882916,-0.0013379308059152252,0.22803837706979402
2021-06-02 12:20:16,1,-0.09653327265882916,-0.0013379308059152252,0.22803837706979402
2021-06-02 12:24:32,1,-0.09653327265882916,-0.0013379308059152252,0.22803837706979402
2021-06-02 12:28:48,1,-0.09653327265882916,-0.0013379308059152252,0.22803837706979402
2021-06-02 12:35:12,1,-0.09917946931113185,-0.007759468449955493,0.24829835820831025
2021-06-02 12:39:28,1,-0.09917946931113185,-0.007759468449955493,0.24829835820831025
2021-06-02 12:43:44,1,-0.09917946931113185,-0.007759468449955493,0.24829835820831025
2021-06-02 12:50:08,1,-0.09917946931113185,-0.007759468449955493,0.24829835820831025
2021-06-02 12:54:24,1,-0.09917946931113185,-0.007759468449955493,0.24829835820831025
2021-06-02 12:58:40,1,-0.09818229925948961,-0.01143132377725787,0.17845666368872717
2021-06-02 13:05:04,1,-0.09818229925948961,-0.01143132377725787,0.17845666368872717
2021-06-02 13:09:20,1,-0.09818229925948961,-0.01143132377725787,0.17845666368872717
2021-06-02 13:13:36,1,-0.09818229925948961,-0.01143132377725787,0.17845666368872717
2021-06-02 13:20:00,1,-0.09818229925948961,-0.01143132377725787,0.17845666368872717
2021-06-02 13:24:16,1,-0.09818229925948961,-0.01143132377725787,0.17845666368872717
2021-06-02 13:28:32,1,-0.09818229925948961,-0.01143132377725787,0.17845666368872717
2021-06-02 13:34:56,1,-0.09802088620177411,-0.008823183211605103,0.18990147156841986
2021-06-02 13:39:12,1,-0.09802088620177411,-0.008823183211605103,0.18990147156841986
2021-06-02 13:45:36,1,-0.09802088620177411,-0.008823183211605103,0.18990147156841986
2021-06-02 13:49:52,1,-0.09802088620177411,-0.008823183211605103,0.18990147156841986
2021-06-02 13:54:08,1,-0.09802088620177411,-0.008823183211605103,0.18990147156841986
2021-06-02 14:00:32,1,-0.09802088620177411,-0.008823183211605103,0.18990147156841986
2021-06-02 14:04:48,1,-0.09802088620177411,-0.008823183211605103,0.18990147156841986
2021-06-02 14:09:04,1,-0.09802088620177411,-0.008823183211605103,0.18990147156841986
2021-06-02 14:15:28,1,-0.09802088620177411,-0.008823183211605103,0.18990147156841986
2021-06-02 14:19:44,1,-0.09760230115873622,-0.012635914017668868,0.1578468085094891
2021-06-02 14:24:00,1,-0.09760230115873622,-0.012635914017668868,0.1578468085094891
2021-06-02 14:30:24,1,-0.09731026407258701,-0.011027055588443723,0.20796610536828508
2021-06-02 14:34:40,1,-0.09731026407258701,-0.011027055588443723,0.20796610536828508
2021-06-02 14:38:56,1,-0.09731026407258701,-0.011027055588443723,0.20796610536828508
2021-06-02 14:45:20,1,-0.09731026407258701,-0.011027055588443723,0.20796610536828508
2021-06-02 14:49:36,1,-0.09731026407258701,-0.011027055588443723,0.20796610536828508
2021-06-02 14:56:00,1,-0.09731026407258701,-0.011027055588443723,0.20796610536828508
2021-06-02 15:00:16,1,-0.09731026407258701,-0.011027055588443723,0.20796610536828508
2021-06-02 15:04:32,1,-0.09731026407258701,-0.011027055588443723,0.20796610536828508
2021-06-04 01:14:40,1,-0.0962169926736207,0.04188586300875233,0.0036394888278657423
2021-06-04 01:18:56,1,-0.0962169926736207,0.04188586300875233,0.0036394888278657423
2021-06-04 01:25:20,1,-0.0962169926736207,0.04188586300875233,0.0036394888278657423
2021-06-04 01:29:36,1,-0.09568991153430094,0.04534743541953838,0.19120955529677133
2021-06-04 01:33:52,1,-0.0957999977221531,0.036912314153350556,-0.06288447098183418
2021-06-04 01:40:16,1,-0.0957999977221531,0.036912314153350556,-0.06288447098183418
2021-06-04 01:44:32,1,-0.0957999977221531,0.036912314153350556,-0.06288447098183418
2021-06-04 01:48:48,1,-0.0957999977221531,0.036912314153350556,-0.06288447098183418
2021-06-04 01:55:12,1,-0.0957999977221531,0.036912314153350556,-0.06288447098183418
2021-06-04 01:59:28,1,-0.0957999977221531,0.036912314153350556,-0.06288447098183418
2021-06-04 02:03:44,1,-0.0957999977221531,0.036912314153350556,-0.06288447098183418
2021-06-04 02:10:08,1,-0.0957999977221531,0.036912314153350556,-0.06288447098183418
2021-06-04 02:14:24,1,-0.0957999977221531,0.036912314153350556,-0.06288447098183418
2021-06-04 02:18:40,1,-0.0957999977221531,0.036912314153350556,-0.06288447098183418
2021-06-04 02:25:04,1,-0.0957999977221531,0.036912314153350556,-0.06288447098183418
2021-06-04 02:29:20,1,-0.09515150238560365,0.03899177401044728,0.09090147683472757
2021-06-04 02:33:36,1,-0.09499026420053128,0.028951429637132486,0.03879696250172842
2021-06-04 02:40:00,1,-0.09499026420053128,0.028951429637132486,0.03879696250172842
2021-06-04 02:44:16,1,-0.09499026420053128,0.028951429637132486,0.03879696250172842
2021-06-04 02:48:32,1,-0.09499026420053128,0.028951429637132486,0.03879696250172842
2021-06-04 02:54:56,1,-0.09499026420053128,0.028951429637132486,0.03879696250172842
2021-06-04 02:59:12,1,-0.09499026420053128,0.028951429637132486,0.03879696250172842
2021-06-04 03:05:36,1,-0.09434177004130542,0.03068817729443576,0.007198857670336694
2021-06-04 03:09:52,1,-0.09434177004130542,0.03068817729443576,0.007198857670336694
2021-06-04 03:14:08,1,-0.09434177004130542,0.03068817729443576,0.007198857670336694
2021-06-04 03:20:32,1,-0.09440672355837525,0.035837044217945195,0.20202988886200215
2021-06-04 03:24:48,1,-0.09440672355837525,0.035837044217945195,0.20202988886200215
2021-06-04 03:29:04,1,-0.09440672355837525,0.035837044217945195,0.20202988886200215
2021-06-04 03:35:28,1,-0.09405026534173339,0.029663462790767703,0.11153174098192062
2021-06-04 03:39:44,1,-0.09405026534173339,0.029663462790767703,0.11153174098192062
2021-06-04 03:44:00,1,-0.09405026534173339,0.029663462790767703,0.11153174098192062
2021-06-04 03:50:24,1,-0.09405026534173339,0.029663462790767703,0.11153174098192062
2021-06-04 03:54:40,1,-0.09405026534173339,0.029663462790767703,0.11153174098192062
2021-06-04 03:50:24,2,-0.09557787764810881,0.017983269383422037,-0.05024434749637029
2021-06-04 03:54:40,2,-0.09557787764810881,0.017983269383422037,-0.05024434749637029
2021-06-04 03:58:56,2,-0.09557787764810881,0.017983269383422037,-0.05024434749637029
2021-06-04 04:05:20,2,-0.09557787764810881,0.017983269383422037,-0.05024434749637029
2021-06-04 04:09:36,2,-0.09557787764810881,0.017983269383422037,-0.05024434749637029
2021-06-04 04:13:52,2,-0.09557787764810881,0.017983269383422037,-0.05024434749637029
2021-06-04 04:20:16,2,-0.09557787764810881,0.017983269383422037,-0.05024434749637029
2021-06-04 04:24:32,2,-0.09557787764810881,0.017983269383422037,-0.05024434749637029
2021-06-04 04:28:48,2,-0.09557787764810881,0.017983269383422037,-0.05024434749637029
2021-06-04 04:35:12,2,-0.09472000004759933,0.0075707052028284655,-0.047203537392405286
2021-06-04 04:39:28,2,-0.09581150477755385,0.0018207619253513016,-0.05544550316734651
2021-06-04 04:39:28,2,-0.09472000004759933,0.0075707052028284655,-0.047203537392405286
2021-06-04 04:43:44,2,-0.09472000004759933,0.0075707052028284655,-0.047203537392405286
2021-06-04 04:50:08,2,-0.09581150477755385,0.0018207619253513016,-0.05544550316734651
2021-06-04 04:54:24,2,-0.09581150477755385,0.0018207619253513016,-0.05544550316734651
2021-06-04 04:58:40,2,-0.09581150477755385,0.0018207619253513016,-0.05544550316734651
2021-06-04 05:05:04,2,-0.09581150477755385,0.0018207619253513016,-0.05544550316734651
2021-06-04 05:09:20,2,-0.09581150477755385,0.0018207619253513016,-0.05544550316734651
2021-06-04 05:13:36,2,-0.09581150477755385,0.0018207619253513016,-0.05544550316734651
2021-06-04 05:20:00,2,-0.09581150477755385,0.0018207619253513016,-0.05544550316734651
2021-06-04 05:24:16,2,-0.09581150477755385,0.0018207619253513016,-0.05544550316734651
2021-06-04 05:28:32,2,-0.09581150477755385,0.0018207619253513016,-0.05544550316734651
2021-06-04 05:34:56,2,-0.09475380422794712,-0.001271092946550489,-0.06040039386580476
2021-06-04 05:39:12,2,-0.09475380422794712,-0.001271092946550489,-0.06040039386580476
2021-06-04 05:45:36,2,-0.09475380422794712,-0.001271092946550489,-0.06040039386580476
2021-06-04 05:49:52,2,-0.09475380422794712,-0.001271092946550489,-0.06040039386580476
2021-06-04 05:54:08,2,-0.09475380422794712,-0.001271092946550489,-0.06040039386580476
2021-06-04 06:00:32,2,-0.09475380422794712,-0.001271092946550489,-0.06040039386580476
2021-06-04 06:04:48,2,-0.09475380422794712,-0.001271092946550489,-0.06040039386580476
2021-06-04 06:09:04,2,-0.09475380422794712,-0.001271092946550489,-0.06040039386580476
2021-06-04 06:15:28,2,-0.09475380422794712,-0.001271092946550489,-0.06040039386580476
2021-06-04 06:19:44,2,-0.09475380422794712,-0.001271092946550489,-0.06040039386580476
2021-06-04 06:24:00,2,-0.09475380422794712,-0.001271092946550489,-0.06040039386580476
2021-06-04 06:30:24,2,-0.09528424842167746,-0.0013017209821042765,-0.07699483334701672
2021-06-04 06:34:40,2,-0.09528424842167746,-0.0013017209821042765,-0.07699483334701672
2021-06-04 06:38:56,2,-0.09528424842167746,-0.0013017209821042765,-0.07699483334701672
2021-06-04 06:45:20,2,-0.09528424842167746,-0.0013017209821042765,-0.07699483334701672
2021-06-04 06:49:36,2,-0.09528424842167746,-0.0013017209821042765,-0.07699483334701672
2021-06-04 06:56:00,2,-0.09528424842167746,-0.0013017209821042765,-0.07699483334701672
2021-06-04 07:00:16,2,-0.09528424842167746,-0.0013017209821042765,-0.07699483334701672
2021-06-04 07:04:32,2,-0.09528424842167746,-0.0013017209821042765,-0.07699483334701672
2021-06-04 07:08:48,2,-0.09528424842167746,-0.0013017209821042765,-0.07699483334701672
2021-06-04 07:15:12,2,-0.09528424842167746,-0.0013017209821042765,-0.07699483334701672
2021-06-04 07:19:28,2,-0.09528424842167746,-0.0013017209821042765,-0.07699483334701672
2021-06-04 07:23:44,2,-0.09528424842167746,-0.0013017209821042765,-0.07699483334701672
2021-06-04 07:30:08,2,-0.0954461969886206,0.00445122496005708,-0.0683469902646225
2021-06-04 07:34:24,2,-0.0954461969886206,0.00445122496005708,-0.0683469902646225
2021-06-04 07:38:40,2,-0.0954461969886206,0.00445122496005708,-0.0683469902646225
2021-06-04 07:45:04,2,-0.0954461969886206,0.00445122496005708,-0.0683469902646225
2021-06-04 07:49:20,2,-0.0954461969886206,0.00445122496005708,-0.0683469902646225
2021-06-04 07:55:44,2,-0.0954461969886206,0.00445122496005708,-0.0683469902646225
2021-06-04 08:00:00,2,-0.0954461969886206,0.00445122496005708,-0.0683469902646225
2021-06-04 08:04:16,2,-0.0954461969886206,0.00445122496005708,-0.0683469902646225
2021-06-04 08:08:32,2,-0.0954461969886206,0.00445122496005708,-0.0683469902646225
2021-06-04 08:14:56,2,-0.0954461969886206,0.00445122496005708,-0.0683469902646225
2021-06-04 08:19:12,2,-0.0954461969886206,0.00445122496005708,-0.0683469902646225
2021-06-04 08:25:36,2,-0.0954461969886206,0.00445122496005708,-0.0683469902646225
2021-06-04 08:29:52,2,-0.0954461969886206,0.00445122496005708,-0.0683469902646225
2021-06-04 10:03:44,3,-0.09856141609006222,0.009367160493293692,-0.069107113458414
2021-06-04 10:10:08,3,-0.09856141609006222,0.009367160493293692,-0.069107113458414
2021-06-04 10:14:24,3,-0.09863415992365474,0.015191248733385471,-0.05488823058541898
2021-06-04 10:18:40,3,-0.09863415992365474,0.015191248733385471,-0.05488823058541898
2021-06-04 10:25:04,3,-0.09863415992365474,0.015191248733385471,-0.05488823058541898
2021-06-04 10:29:20,3,-0.09863415992365474,0.015191248733385471,-0.05488823058541898
2021-06-04 10:33:36,3,-0.099392212509054,0.012250470895682816,-0.048039716062292584
2021-06-04 10:40:00,3,-0.099392212509054,0.012250470895682816,-0.048039716062292584
2021-06-04 10:44:16,3,-0.099392212509054,0.012250470895682816,-0.048039716062292584
2021-06-04 10:48:32,3,-0.099392212509054,0.012250470895682816,-0.048039716062292584
2021-06-04 10:54:56,3,-0.099392212509054,0.012250470895682816,-0.048039716062292584
2021-06-04 10:59:12,3,-0.099392212509054,0.012250470895682816,-0.048039716062292584
2021-06-04 11:05:36,3,-0.09942283309666455,0.010690585752504065,-0.02646027205475664
2021-06-04 11:09:52,3,-0.09942283309666455,0.010690585752504065,-0.02646027205475664
2021-06-04 11:14:08,3,-0.09942283309666455,0.010690585752504065,-0.02646027205475664
2021-06-04 11:20:32,3,-0.09942283309666455,0.010690585752504065,-0.02646027205475664
2021-06-04 11:24:48,3,-0.09942283309666455,0.010690585752504065,-0.02646027205475664
2021-06-04 11:29:04,3,-0.09942283309666455,0.010690585752504065,-0.02646027205475664
2021-06-04 11:35:28,3,-0.09904177030208891,0.011414297019485877,-0.017093961192443313
2021-06-04 11:39:44,3,-0.09937327369335476,0.014125282861490169,-0.02211320617135648
2021-06-04 11:44:00,3,-0.09937327369335476,0.014125282861490169,-0.02211320617135648
2021-06-04 11:50:24,3,-0.09937327369335476,0.014125282861490169,-0.02211320617135648
2021-06-04 11:54:40,3,-0.09904177030208891,0.011414297019485877,-0.017093961192443313
2021-06-04 08:49:04,7,-0.09777504537590835,0.004768829261307169,-0.06795177817555656
2021-06-04 08:55:28,7,-0.09777504537590835,0.004768829261307169,-0.06795177817555656
2021-06-04 08:59:44,7,-0.09777504537590835,0.004768829261307169,-0.06795177817555656
2021-06-04 09:04:00,7,-0.09777504537590835,0.004768829261307169,-0.06795177817555656
2021-06-04 09:10:24,7,-0.09777504537590835,0.004768829261307169,-0.06795177817555656
2021-06-04 09:14:40,7,-0.09777504537590835,0.004768829261307169,-0.06795177817555656
2021-06-04 09:18:56,7,-0.09801238911552766,0.004994427588133683,-0.052576089504545766
2021-06-04 09:25:20,7,-0.09801238911552766,0.004994427588133683,-0.052576089504545766
2021-06-04 09:29:36,7,-0.09801238911552766,0.004994427588133683,-0.052576089504545766
2021-06-04 09:33:52,7,-0.09977645905249942,0.008889475020687135,-0.030253161405040103
2021-06-04 09:40:16,7,-0.09977645905249942,0.008889475020687135,-0.030253161405040103
2021-06-04 09:44:32,7,-0.09977645905249942,0.008889475020687135,-0.030253161405040103
2021-06-04 09:48:48,7,-0.09977645905249942,0.008889475020687135,-0.030253161405040103
2021-06-04 10:03:44,6,-0.09835008583237641,0.03119547048923188,0.019190633858199666
2021-06-04 10:10:08,6,-0.09835008583237641,0.03119547048923188,0.019190633858199666
2021-06-04 10:14:24,6,-0.09835008583237641,0.03119547048923188,0.019190633858199666
2021-06-04 10:18:40,6,-0.09835008583237641,0.03119547048923188,0.019190633858199666
2021-06-04 10:25:04,6,-0.09835008583237641,0.03119547048923188,0.019190633858199666
2021-06-04 10:29:20,6,-0.09835008583237641,0.03119547048923188,0.019190633858199666
2021-06-04 10:33:36,6,-0.09692106173734748,0.016348698253125217,-0.012383468222829094
2021-06-04 10:40:00,6,-0.09692106173734748,0.016348698253125217,-0.012383468222829094
2021-06-04 10:44:16,6,-0.09692106173734748,0.016348698253125217,-0.012383468222829094
2021-06-04 10:48:32,6,-0.09680406830163127,0.020083227343263878,-0.020987574754563056
2021-06-04 10:54:56,6,-0.09680406830163127,0.020083227343263878,-0.020987574754563056
2021-06-04 10:59:12,6,-0.09680406830163127,0.020083227343263878,-0.020987574754563056
2021-06-04 11:05:36,6,-0.09680406830163127,0.020083227343263878,-0.020987574754563056
2021-06-04 11:09:52,6,-0.09680406830163127,0.020083227343263878,-0.020987574754563056
2021-06-04 11:14:08,6,-0.09680406830163127,0.020083227343263878,-0.020987574754563056
2021-06-04 11:20:32,6,-0.09680406830163127,0.020083227343263878,-0.020987574754563056
2021-06-04 11:24:48,6,-0.09680406830163127,0.020083227343263878,-0.020987574754563056
2021-06-04 11:29:04,6,-0.09680406830163127,0.020083227343263878,-0.020987574754563056
2021-06-04 11:35:28,6,-0.09661256670318874,0.020807928406031784,-0.08140347911193306
2021-06-04 11:39:44,6,-0.09671380313096849,0.024777764176900408,-0.0648460531319137
2021-06-04 11:44:00,6,-0.09671380313096849,0.024777764176900408,-0.0648460531319137
2021-06-04 11:50:24,6,-0.09671380313096849,0.024777764176900408,-0.0648460531319137
2021-06-04 11:54:40,6,-0.09671380313096849,0.024777764176900408,-0.0648460531319137
2021-06-04 11:58:56,6,-0.09671380313096849,0.024777764176900408,-0.0648460531319137
2021-06-04 12:05:20,6,-0.09671380313096849,0.024777764176900408,-0.0648460531319137
2021-06-04 12:09:36,6,-0.09671380313096849,0.024777764176900408,-0.0648460531319137
2021-06-04 12:13:52,6,-0.09671380313096849,0.024777764176900408,-0.0648460531319137
2021-06-04 12:20:16,6,-0.09687309764760786,0.029083775933864898,-0.038657231963841264
2021-06-04 12:24:32,6,-0.09687309764760786,0.029083775933864898,-0.038657231963841264
2021-06-04 12:28:48,6,-0.09639522112787297,0.02114765087904128,-0.03610953271916483
2021-06-04 12:35:12,6,-0.09714637363062495,0.024286900545643492,-0.02242601998928374
2021-06-04 12:39:28,6,-0.09714637363062495,0.024286900545643492,-0.02242601998928374
2021-06-04 12:43:44,6,-0.09714637363062495,0.024286900545643492,-0.02242601998928374
2021-06-04 12:50:08,6,-0.09714637363062495,0.024286900545643492,-0.02242601998928374
2021-06-04 12:54:24,6,-0.09714637363062495,0.024286900545643492,-0.02242601998928374
2021-06-04 12:58:40,6,-0.09714637363062495,0.024286900545643492,-0.02242601998928374
2021-06-04 13:05:04,6,-0.09714637363062495,0.024286900545643492,-0.02242601998928374
2021-06-04 13:09:20,6,-0.09714637363062495,0.024286900545643492,-0.02242601998928374
2021-06-04 13:13:36,6,-0.09742761017790937,0.023083090436142106,-0.008499020196695245
2021-06-04 13:05:04,4,-0.09771150476742635,-0.0032263450284974807,0.04050411015063261
2021-06-04 13:09:20,4,-0.09771150476742635,-0.0032263450284974807,0.04050411015063261
2021-06-04 13:13:36,4,-0.09771150476742635,-0.0032263450284974807,0.04050411015063261
2021-06-04 13:20:00,4,-0.09771150476742635,-0.0032263450284974807,0.04050411015063261
2021-06-04 13:24:16,4,-0.09771150476742635,-0.0032263450284974807,0.04050411015063261
2021-06-04 13:28:32,4,-0.09771150476742635,-0.0032263450284974807,0.04050411015063261
2021-06-04 13:34:56,4,-0.09866159444572652,-0.011180832550588963,0.025339253113333102
2021-06-04 13:39:12,4,-0.09866159444572652,-0.011180832550588963,0.025339253113333102
2021-06-04 13:45:36,4,-0.09866159444572652,-0.011180832550588963,0.025339253113333102
2021-06-04 13:49:52,4,-0.09866159444572652,-0.011180832550588963,0.025339253113333102
2021-06-04 13:54:08,4,-0.09866159444572652,-0.011180832550588963,0.025339253113333102
2021-06-04 14:00:32,4,-0.09848442447291013,-0.01912296322172722,0.013764377830302824
2021-06-04 14:04:48,4,-0.09866159444572652,-0.011180832550588963,0.025339253113333102
2021-06-04 14:09:04,4,-0.09866159444572652,-0.011180832550588963,0.025339253113333102
2021-06-04 14:15:28,4,-0.09866159444572652,-0.011180832550588963,0.025339253113333102
2021-06-04 14:19:44,4,-0.09866159444572652,-0.011180832550588963,0.025339253113333102
2021-06-04 14:24:00,4,-0.09866159444572652,-0.011180832550588963,0.025339253113333102
2021-06-04 14:30:24,4,-0.0979046009451942,-0.009697843079018382,0.04199106672168833
2021-06-04 14:34:40,4,-0.0979046009451942,-0.009697843079018382,0.04199106672168833
2021-06-04 14:38:56,4,-0.09590654948749372,-0.014021302873054437,0.06213847040497098
2021-06-04 14:45:20,4,-0.09590654948749372,-0.014021302873054437,0.06213847040497098
2021-06-04 14:49:36,4,-0.09590654948749372,-0.014021302873054437,0.06213847040497098
2021-06-04 14:56:00,4,-0.09590654948749372,-0.014021302873054437,0.06213847040497098
2021-06-04 15:00:16,4,-0.09590654948749372,-0.014021302873054437,0.06213847040497098
2021-06-04 15:04:32,4,-0.09590654948749372,-0.014021302873054437,0.06213847040497098
2021-06-04 15:08:48,4,-0.09590654948749372,-0.014021302873054437,0.06213847040497098
2021-06-04 15:15:12,4,-0.09590654948749372,-0.014021302873054437,0.06213847040497098
2021-06-04 15:19:28,4,-0.09590654948749372,-0.014021302873054437,0.06213847040497098
2021-06-04 15:23:44,4,-0.09590654948749372,-0.014021302873054437,0.06213847040497098
2021-06-04 15:30:08,4,-0.09547999879955191,-0.006228043809401253,-0.22551039258568684
2021-06-04 15:34:24,4,-0.09547999879955191,-0.006228043809401253,-0.22551039258568684
2021-06-04 15:38:40,4,-0.09547999879955191,-0.006228043809401253,-0.22551039258568684
2021-06-04 15:45:04,4,-0.09547999879955191,-0.006228043809401253,-0.22551039258568684
2021-06-04 15:49:20,4,-0.09547999879955191,-0.006228043809401253,-0.22551039258568684
2021-06-04 15:55:44,4,-0.09547999879955191,-0.006228043809401253,-0.22551039258568684
2021-06-04 16:00:00,4,-0.09547999879955191,-0.006228043809401253,-0.22551039258568684
2021-06-04 16:04:16,4,-0.09547999879955191,-0.006228043809401253,-0.22551039258568684
2021-06-04 16:08:32,4,-0.0951536275897406,0.0012382751566118895,-0.20814189890633641
2021-06-04 16:14:56,4,-0.0951536275897406,0.0012382751566118895,-0.20814189890633641
2021-06-04 16:19:12,4,-0.0951536275897406,0.0012382751566118895,-0.20814189890633641
2021-06-04 16:25:36,4,-0.0951536275897406,0.0012382751566118895,-0.20814189890633641
2021-06-04 16:29:52,4,-0.0951536275897406,0.0012382751566118895,-0.20814189890633641
2021-06-04 16:34:08,4,-0.09530690378847374,0.016729027705909925,-0.2131309398549848
2021-06-04 16:40:32,4,-0.09530690378847374,0.016729027705909925,-0.2131309398549848
2021-06-04 16:44:48,4,-0.09530690378847374,0.016729027705909925,-0.2131309398549848
2021-06-04 16:49:04,4,-0.09530690378847374,0.016729027705909925,-0.2131309398549848
2021-06-04 16:55:28,4,-0.09530690378847374,0.016729027705909925,-0.2131309398549848
2021-06-04 16:59:44,4,-0.09530690378847374,0.016729027705909925,-0.2131309398549848
2021-06-04 13:28:32,5,-0.09890619633261079,0.04161046277949241,-0.14384712448795287
2021-06-04 13:34:56,5,-0.09643663557440833,0.034097239182058696,-0.12998300630012444
2021-06-04 13:39:12,5,-0.09643663557440833,0.034097239182058696,-0.12998300630012444
2021-06-04 13:45:36,5,-0.09899345158264698,0.04088262593429701,-0.15376882745523365
2021-06-04 13:49:52,5,-0.09724885152293516,0.039222066617645,-0.10140009760223659
2021-06-04 13:54:08,5,-0.09724885152293516,0.039222066617645,-0.10140009760223659
2021-06-04 14:00:32,5,-0.09724885152293516,0.039222066617645,-0.10140009760223659
2021-06-04 14:04:48,5,-0.09724885152293516,0.039222066617645,-0.10140009760223659
2021-06-04 14:09:04,5,-0.09651062091050949,0.03676337383067714,-0.11318770363056552
2021-06-04 14:15:28,5,-0.09651062091050949,0.03676337383067714,-0.11318770363056552
2021-06-04 14:19:44,5,-0.09720389394000567,0.031046526545971898,-0.18468541130133434
2021-06-04 14:24:00,5,-0.09720389394000567,0.031046526545971898,-0.18468541130133434
2021-06-04 14:30:24,5,-0.09737716879042903,0.03484065832289973,-0.16197841678045488
2021-06-04 14:34:40,5,-0.09736300907303799,0.03244802425181971,-0.1459340941842678
2021-06-04 14:38:56,5,-0.09725947087211947,0.028556388154494013,-0.09082338208223865
2021-06-04 14:45:20,5,-0.09725947087211947,0.028556388154494013,-0.09082338208223865
2021-06-04 14:49:36,5,-0.09725947087211947,0.028556388154494013,-0.09082338208223865
2021-06-04 14:56:00,5,-0.09725947087211947,0.028556388154494013,-0.09082338208223865
2021-06-04 15:00:16,5,-0.09725947087211947,0.028556388154494013,-0.09082338208223865
2021-06-04 15:04:32,5,-0.09725947087211947,0.028556388154494013,-0.09082338208223865
2021-06-04 15:08:48,5,-0.09725947087211947,0.028556388154494013,-0.09082338208223865
2021-06-04 15:15:12,5,-0.09725947087211947,0.028556388154494013,-0.09082338208223865
2021-06-04 15:19:28,5,-0.09725947087211947,0.028556388154494013,-0.09082338208223865
2021-06-04 15:23:44,5,-0.09725947087211947,0.028556388154494013,-0.09082338208223865
2021-06-04 15:30:08,5,-0.09612371809292683,0.031096342998268325,-0.1058760035692063
2021-06-04 15:34:24,5,-0.09612371809292683,0.031096342998268325,-0.1058760035692063
2021-06-04 15:38:40,5,-0.09612371809292683,0.031096342998268325,-0.1058760035692063
2021-06-04 15:45:04,5,-0.09612371809292683,0.031096342998268325,-0.1058760035692063
2021-06-04 15:49:20,5,-0.09612371809292683,0.031096342998268325,-0.1058760035692063
2021-06-04 15:55:44,5,-0.09612371809292683,0.031096342998268325,-0.1058760035692063
2021-06-04 16:00:00,5,-0.09612371809292683,0.031096342998268325,-0.1058760035692063
2021-06-04 16:04:16,5,-0.09612371809292683,0.031096342998268325,-0.1058760035692063
2021-06-04 11:05:36,10,-0.09945946912005939,0.013545302939625966,0.038234026073354535
2021-06-04 11:09:52,10,-0.09945946912005939,0.013545302939625966,0.038234026073354535
2021-06-04 11:14:08,10,-0.09945946912005939,0.013545302939625966,0.038234026073354535
2021-06-04 11:20:32,10,-0.09945946912005939,0.013545302939625966,0.038234026073354535
2021-06-04 11:24:48,10,-0.09945946912005939,0.013545302939625966,0.038234026073354535
2021-06-04 11:29:04,10,-0.09945946912005939,0.013545302939625966,0.038234026073354535
2021-06-04 11:35:28,10,-0.10022902612770554,0.024051008237146697,0.07400349736846652
2021-06-04 11:39:44,10,-0.10022902612770554,0.024051008237146697,0.07400349736846652
2021-06-04 11:44:00,10,-0.10022902612770554,0.024051008237146697,0.07400349736846652
2021-06-04 11:50:24,10,-0.10022902612770554,0.024051008237146697,0.07400349736846652
2021-06-04 11:54:40,10,-0.10022902612770554,0.024051008237146697,0.07400349736846652
2021-06-04 11:58:56,10,-0.10022902612770554,0.024051008237146697,0.07400349736846652
2021-06-04 12:05:20,10,-0.10022902612770554,0.024051008237146697,0.07400349736846652
2021-06-04 12:09:36,10,-0.10010548834674127,0.024145931986580906,0.08125811767578124
2021-06-04 12:13:52,10,-0.10010548834674127,0.024145931986580906,0.08125811767578124
2021-06-04 12:20:16,10,-0.10010548834674127,0.024145931986580906,0.08125811767578124
2021-06-04 12:24:32,10,-0.10010548834674127,0.024145931986580906,0.08125811767578124
2021-06-04 12:28:48,10,-0.10010548834674127,0.024145931986580906,0.08125811767578124
2021-06-04 12:35:12,10,-0.10061557283654676,0.02970347211002249,0.14620444184699943
2021-06-04 12:39:28,10,-0.10061557283654676,0.02970347211002249,0.14620444184699943
2021-06-04 12:43:44,10,-0.10061557283654676,0.02970347211002249,0.14620444184699943
2021-06-04 12:50:08,10,-0.10061557283654676,0.02970347211002249,0.14620444184699943
2021-06-04 12:54:24,10,-0.10079982287060896,0.03033783963718246,0.06395100767422565
2021-06-04 12:58:40,10,-0.10079982287060896,0.03033783963718246,0.06395100767422565
2021-06-04 13:05:04,10,-0.10079982287060896,0.03033783963718246,0.06395100767422565
2021-06-04 13:09:20,10,-0.10079982287060896,0.03033783963718246,0.06395100767422565
2021-06-04 13:13:36,10,-0.10079982287060896,0.03033783963718246,0.06395100767422565
2021-06-04 13:20:00,10,-0.10079982287060896,0.03033783963718246,0.06395100767422565
2021-06-04 13:24:16,10,-0.10079982287060896,0.03033783963718246,0.06395100767422565
2021-06-04 13:28:32,10,-0.10079982287060896,0.03033783963718246,0.06395100767422565
2021-06-04 13:34:56,10,-0.09763256807664852,0.01936542573439336,0.15619930409119193
2021-06-04 13:39:12,10,-0.09780478146223893,0.02445847118006343,0.1479812859729328
2021-06-04 09:44:32,8,-0.09963185950507104,0.0018629736098567978,-0.06123426103169939
2021-06-04 09:48:48,8,-0.09963185950507104,0.0018629736098567978,-0.06123426103169939
2021-06-04 09:55:12,8,-0.09963185950507104,0.0018629736098567978,-0.06123426103169939
2021-06-04 09:59:28,8,-0.09963185950507104,0.0018629736098567978,-0.06123426103169939
2021-06-04 10:03:44,8,-0.09963185950507104,0.0018629736098567978,-0.06123426103169939
2021-06-04 10:10:08,8,-0.09963185950507104,0.0018629736098567978,-0.06123426103169939
2021-06-04 10:14:24,8,-0.09963185950507104,0.0018629736098567978,-0.06123426103169939
2021-06-04 10:18:40,8,-0.09963185950507104,0.0018629736098567978,-0.06123426103169939
2021-06-04 10:25:04,8,-0.09963185950507104,0.0018629736098567978,-0.06123426103169939
2021-06-04 10:29:20,8,-0.09963185950507104,0.0018629736098567978,-0.06123426103169939
2021-06-04 10:33:36,8,-0.09963221348281455,0.014721120420810396,-0.11640830007907563
2021-06-04 10:40:00,8,-0.09963221348281455,0.014721120420810396,-0.11640830007907563
2021-06-04 10:44:16,8,-0.0995601796808496,0.017510148917679234,0.09116268299744183
2021-06-04 10:48:32,8,-0.0995601796808496,0.017510148917679234,0.09116268299744183
2021-06-04 10:54:56,8,-0.0995601796808496,0.017510148917679234,0.09116268299744183
2021-06-04 10:59:12,8,-0.0995601796808496,0.017510148917679234,0.09116268299744183
2021-06-04 11:05:36,8,-0.0995601796808496,0.017510148917679234,0.09116268299744183
2021-06-04 11:09:52,8,-0.0995601796808496,0.017510148917679234,0.09116268299744183
2021-06-04 11:14:08,8,-0.0995601796808496,0.017510148917679234,0.09116268299744183
2021-06-04 11:20:32,8,-0.0995601796808496,0.017510148917679234,0.09116268299744183
2021-06-04 11:24:48,8,-0.0995601796808496,0.017510148917679234,0.09116268299744183
2021-06-04 10:44:16,9,-0.09717610737285783,0.03580785104869741,0.05214054992135647
2021-06-04 10:48:32,9,-0.09717610737285783,0.03580785104869741,0.05214054992135647
2021-06-04 10:54:56,9,-0.09664318404999454,0.032436057673091385,0.03053492237192339
2021-06-04 10:59:12,9,-0.09664318404999454,0.032436057673091385,0.03053492237192339
2021-06-04 11:05:36,9,-0.09664318404999454,0.032436057673091385,0.03053492237192339
2021-06-04 11:09:52,9,-0.09769363088101413,0.03733149356335666,0.0797298130271709
2021-06-04 11:14:08,9,-0.09769363088101413,0.03733149356335666,0.0797298130271709
2021-06-04 11:20:32,9,-0.09717610737285783,0.03580785104869741,0.05214054992135647
2021-06-04 11:24:48,9,-0.09717610737285783,0.03580785104869741,0.05214054992135647
2021-06-04 11:29:04,9,-0.09664318404999454,0.032436057673091385,0.03053492237192339
2021-06-04 11:35:28,9,-0.09744690272238403,0.03461073809598399,0.014822265084865881
2021-06-04 11:39:44,9,-0.09744690272238403,0.03461073809598399,0.014822265084865881
2021-06-04 11:44:00,9,-0.09744690272238403,0.03461073809598399,0.014822265084865881
2021-06-04 11:50:24,9,-0.09795539742866448,0.03448875214568282,0.04946402490666481
2021-06-04 11:54:40,9,-0.09744690272238403,0.03461073809598399,0.014822265084865881
2021-06-04 11:58:56,9,-0.09744690272238403,0.03461073809598399,0.014822265084865881
2021-06-04 12:05:20,9,-0.09744690272238403,0.03461073809598399,0.014822265084865881
2021-06-04 12:09:36,9,-0.09744690272238403,0.03461073809598399,0.014822265084865881
2021-06-04 12:13:52,9,-0.09744690272238403,0.03461073809598399,0.014822265084865881
2021-06-04 12:20:16,9,-0.09744690272238403,0.03461073809598399,0.014822265084865881
2021-06-04 12:24:32,9,-0.09744690272238403,0.03461073809598399,0.014822265084865881
2021-06-04 12:28:48,9,-0.09744690272238403,0.03461073809598399,0.014822265084865881
2021-06-04 12:35:12,9,-0.0977998216848458,0.03397990927232051,-0.0034192072775511627
2021-06-04 12:39:28,9,-0.0977998216848458,0.03397990927232051,-0.0034192072775511627
2021-06-04 12:43:44,9,-0.09743026658286034,0.0327117736276272,-0.01363954473174779
2021-06-04 12:50:08,9,-0.09743026658286034,0.0327117736276272,-0.01363954473174779
2021-06-04 12:54:24,9,-0.09817539810923348,0.03523146664779798,0.009403142608372503
2021-06-04 12:58:40,9,-0.09773999745022934,0.023199967257744442,0.006704349484063881
2021-06-04 13:05:04,9,-0.09817539810923348,0.03523146664779798,0.009403142608372503
2021-06-04 13:09:20,9,-0.09817539810923348,0.03523146664779798,0.009403142608372503
2021-06-04 13:13:36,9,-0.09817539810923348,0.03523146664779798,0.009403142608372503
2021-06-04 13:20:00,9,-0.0979815938156263,0.025821723651042017,0.02448216909222898
2021-06-04 13:24:16,9,-0.09806301127914833,0.028773610798658516,0.03913247005496405
2021-06-04 13:28:32,9,-0.09806301127914833,0.028773610798658516,0.03913247005496405
2021-06-04 13:34:56,9,-0.09815486989823065,0.03836990523549307,-0.008956125445070521
2021-06-04 13:39:12,9,-0.09815486989823065,0.03836990523549307,-0.008956125445070521
2021-06-04 13:45:36,9,-0.09815486989823065,0.03836990523549307,-0.008956125445070521
2021-06-04 13:49:52,9,-0.09815486989823065,0.03836990523549307,-0.008956125445070521
2021-06-04 13:54:08,9,-0.09825787464074329,0.03992435654496724,0.01828587354811946
2021-06-04 14:00:32,9,-0.09825787464074329,0.03992435654496724,0.01828587354811946
2021-06-04 14:04:48,9,-0.09825787464074329,0.03992435654496724,0.01828587354811946
2021-06-04 14:09:04,9,-0.09825787464074329,0.03992435654496724,0.01828587354811946
2021-06-04 14:15:28,9,-0.09825787464074329,0.03992435654496724,0.01828587354811946
2021-06-04 14:19:44,9,-0.09825787464074329,0.03992435654496724,0.01828587354811946
2021-06-04 14:24:00,9,-0.09818017843972265,0.04017602984673154,0.041990639475594574
2021-06-04 14:30:24,9,-0.09841964387471698,0.05484784985432582,0.06791648230088494
2021-06-04 14:34:40,9,-0.09880796277206556,0.05278882570182328,0.07662910150848659
2021-06-04 14:38:56,9,-0.09841964387471698,0.05484784985432582,0.06791648230088494
2021-06-04 14:45:20,9,-0.09880796277206556,0.05278882570182328,0.07662910150848659
2021-06-04 14:49:36,9,-0.09880796277206556,0.05278882570182328,0.07662910150848659
2021-06-04 14:56:00,9,-0.09867327344523066,0.052048781892894636,0.08799290992939367
2021-06-04 15:00:16,9,-0.09867327344523066,0.052048781892894636,0.08799290992939367
2021-06-04 15:04:32,9,-0.09867327344523066,0.052048781892894636,0.08799290992939367
2021-06-04 15:08:48,9,-0.09867327344523066,0.052048781892894636,0.08799290992939367
2021-06-04 15:15:12,9,-0.09867327344523066,0.052048781892894636,0.08799290992939367
2021-06-04 15:19:28,9,-0.09831858411299445,0.05011170856509588,0.08048417758097691
2021-06-04 15:23:44,9,-0.09831858411299445,0.05011170856509588,0.08048417758097691
2021-06-04 15:30:08,9,-0.09918070882611571,0.05200497899013282,0.11402466495480157
2021-06-04 15:34:24,9,-0.09918070882611571,0.05200497899013282,0.11402466495480157
2021-06-05 09:18:56,1,-0.09614407304535921,0.02454096194073162,-0.1621402126075947
2021-06-05 09:25:20,1,-0.09655150548968694,0.026909396804539503,-0.15130257611570105
2021-06-05 09:29:36,1,-0.0965582305161299,0.03115557844448934,-0.1340293057872131
2021-06-05 09:33:52,1,-0.09866247895333617,0.011655228437575618,-0.12885928506766797
2021-06-05 09:40:16,1,-0.09866247895333617,0.011655228437575618,-0.12885928506766797
2021-06-05 09:44:32,1,-0.09866247895333617,0.011655228437575618,-0.12885928506766797
2021-06-05 09:48:48,1,-0.09866247895333617,0.011655228437575618,-0.12885928506766797
2021-06-05 09:55:12,1,-0.09866247895333617,0.011655228437575618,-0.12885928506766797
2021-06-05 09:59:28,1,-0.09775309719870577,0.009706589217734547,-0.13719610082575703
2021-06-05 10:03:44,1,-0.09775309719870577,0.009706589217734547,-0.13719610082575703
2021-06-05 10:10:08,1,-0.09890743267008688,0.01461512190894743,-0.13314844641221305
2021-06-05 10:14:24,1,-0.09890743267008688,0.01461512190894743,-0.13314844641221305
2021-06-05 10:18:40,1,-0.09890743267008688,0.01461512190894743,-0.13314844641221305
2021-06-05 10:25:04,1,-0.09890743267008688,0.01461512190894743,-0.13314844641221305
2021-06-05 10:29:20,1,-0.09890743267008688,0.01461512190894743,-0.13314844641221305
2021-06-05 10:33:36,1,-0.09868477713745251,0.022312151849797342,-0.19383774343845062
2021-06-05 10:40:00,1,-0.09868477713745251,0.022312151849797342,-0.19383774343845062
2021-06-05 08:40:32,2,-0.0991952231710991,0.003160883911943012,-0.08029107801049157
2021-06-05 08:44:48,2,-0.0991952231710991,0.003160883911943012,-0.08029107801049157
2021-06-05 08:49:04,2,-0.0991952231710991,0.003160883911943012,-0.08029107801049157
2021-06-05 08:55:28,2,-0.0991952231710991,0.003160883911943012,-0.08029107801049157
2021-06-05 08:59:44,2,-0.09941433737341279,0.0012483937930216843,-0.053292257933490045
2021-06-05 09:04:00,2,-0.09941433737341279,0.0012483937930216843,-0.053292257933490045
2021-06-05 09:10:24,2,-0.09941433737341279,0.0012483937930216843,-0.053292257933490045
2021-06-05 09:14:40,2,-0.09941433737341279,0.0012483937930216843,-0.053292257933490045
2021-06-05 09:18:56,2,-0.09941433737341279,0.0012483937930216843,-0.053292257933490045
2021-06-05 09:25:20,2,-0.09941433737341279,0.0012483937930216843,-0.053292257933490045
2021-06-05 09:29:36,2,-0.09941433737341279,0.0012483937930216843,-0.053292257933490045
2021-06-05 09:33:52,2,-0.10302708007909557,0.018930740909238835,0.02238904618794937
2021-06-05 09:40:16,2,-0.10302708007909557,0.018930740909238835,0.02238904618794937
2021-06-05 09:44:32,2,-0.10302708007909557,0.018930740909238835,0.02238904618794937
2021-06-05 09:48:48,2,-0.10302708007909557,0.018930740909238835,0.02238904618794937
2021-06-05 09:55:12,2,-0.10302708007909557,0.018930740909238835,0.02238904618794937
2021-06-05 09:59:28,2,-0.10302708007909557,0.018930740909238835,0.02238904618794937
2021-06-05 10:03:44,2,-0.10302708007909557,0.018930740909238835,0.02238904618794937
2021-06-05 10:10:08,2,-0.10302708007909557,0.018930740909238835,0.02238904618794937
2021-06-05 10:25:04,2,-0.10334141564764811,0.025461590366025945,0.11024178712557899
2021-06-05 10:29:20,2,-0.10334141564764811,0.025461590366025945,0.11024178712557899
2021-06-05 10:33:36,2,-0.10249380706685834,0.024273732084088617,-0.09977660538664962
2021-06-05 10:40:00,2,-0.10317344880737032,0.01309550703943303,-0.08024696903735135
2021-06-05 10:44:16,2,-0.10290460344753433,0.017760198635337624,-0.08271785067668001
2021-06-05 10:48:32,2,-0.10216778777130937,0.025979418412774003,-0.11056020280956165
2021-06-05 10:54:56,2,-0.10216778777130937,0.025979418412774003,-0.11056020280956165
2021-06-05 10:59:12,2,-0.10261539580758694,0.020908221569736447,-0.09975296695675469
2021-06-05 11:05:36,2,-0.10261539580758694,0.020908221569736447,-0.09975296695675469
2021-06-05 11:09:52,2,-0.10261539580758694,0.020908221569736447,-0.09975296695675469
2021-06-05 11:14:08,2,-0.10261539580758694,0.020908221569736447,-0.09975296695675469
2021-06-05 11:20:32,2,-0.10216778777130937,0.025979418412774003,-0.11056020280956165
2021-06-05 11:24:48,2,-0.10261539580758694,0.020908221569736447,-0.09975296695675469
2021-06-05 09:55:12,3,-0.09960531243602788,0.02396061303130293,-0.10027893309466605
2021-06-05 09:59:28,3,-0.09960531243602788,0.02396061303130293,-0.10027893309466605
2021-06-05 10:03:44,3,-0.09960531243602788,0.02396061303130293,-0.10027893309466605
2021-06-05 10:10:08,3,-0.09960531243602788,0.02396061303130293,-0.10027893309466605
2021-06-05 10:14:24,3,-0.09960531243602788,0.02396061303130293,-0.10027893309466605
2021-06-05 10:18:40,3,-0.09960531243602788,0.02396061303130293,-0.10027893309466605
2021-06-05 10:25:04,3,-0.09983238883145086,0.024957453921832868,-0.1823152665669939
2021-06-05 10:29:20,3,-0.09983238883145086,0.024957453921832868,-0.1823152665669939
2021-06-05 10:33:36,3,-0.09830530906778522,0.018697414330676596,-0.15962296909568582
2021-06-05 10:40:00,3,-0.09830530906778522,0.018697414330676596,-0.15962296909568582
2021-06-05 10:44:16,3,-0.09830530906778522,0.018697414330676596,-0.15962296909568582
2021-06-05 10:48:32,3,-0.09830530906778522,0.018697414330676596,-0.15962296909568582
2021-06-05 10:54:56,3,-0.09830530906778522,0.018697414330676596,-0.15962296909568582
2021-06-05 10:59:12,3,-0.09830530906778522,0.018697414330676596,-0.15962296909568582
2021-06-05 11:05:36,3,-0.09830530906778522,0.018697414330676596,-0.15962296909568582
2021-06-05 11:09:52,3,-0.09830530906778522,0.018697414330676596,-0.15962296909568582
2021-06-05 11:14:08,3,-0.09830530906778522,0.018697414330676596,-0.15962296909568582
2021-06-05 11:20:32,3,-0.09830530906778522,0.018697414330676596,-0.15962296909568582
2021-06-05 11:24:48,3,-0.09830530906778522,0.018697414330676596,-0.15962296909568582
2021-06-05 11:29:04,3,-0.0992952210249099,0.0213473884489684,-0.14706889653838842
2021-06-05 08:55:28,4,-0.09691097493931254,0.027720437092063697,-0.05885558514890417
2021-06-05 08:59:44,4,-0.09691097493931254,0.027720437092063697,-0.05885558514890417
2021-06-05 09:04:00,4,-0.09691097493931254,0.027720437092063697,-0.05885558514890417
2021-06-05 09:10:24,4,-0.09691097493931254,0.027720437092063697,-0.05885558514890417
2021-06-05 09:14:40,4,-0.09691097493931254,0.027720437092063697,-0.05885558514890417
2021-06-05 09:18:56,4,-0.09691097493931254,0.027720437092063697,-0.05885558514890417
2021-06-05 09:25:20,4,-0.09691097493931254,0.027720437092063697,-0.05885558514890417
2021-06-05 09:29:36,4,-0.09691097493931254,0.027720437092063697,-0.05885558514890417
2021-06-05 09:33:52,4,-0.09494088524105275,0.02763932957269449,-0.11406889194724831
2021-06-05 09:40:16,4,-0.09494088524105275,0.02763932957269449,-0.11406889194724831
2021-06-05 09:44:32,4,-0.09494088524105275,0.02763932957269449,-0.11406889194724831
2021-06-05 09:48:48,4,-0.09494088524105275,0.02763932957269449,-0.11406889194724831
2021-06-05 09:55:12,4,-0.09494088524105275,0.02763932957269449,-0.11406889194724831
2021-06-05 09:59:28,4,-0.09494088524105275,0.02763932957269449,-0.11406889194724831
2021-06-05 10:03:44,4,-0.09494088524105275,0.02763932957269449,-0.11406889194724831
2021-06-05 10:10:08,4,-0.09439468988064115,0.023112397421777772,-0.08777621919074942
2021-06-05 10:14:24,4,-0.09439468988064115,0.023112397421777772,-0.08777621919074942
2021-06-05 10:18:40,4,-0.09439468988064115,0.023112397421777772,-0.08777621919074942
2021-06-05 10:25:04,4,-0.09439468988064115,0.023112397421777772,-0.08777621919074942
2021-06-05 10:29:20,4,-0.09439468988064115,0.023112397421777772,-0.08777621919074942
2021-06-05 10:33:36,4,-0.09411823144634214,0.03041297456859488,-0.11624026273204156
2021-06-05 10:40:00,4,-0.09411823144634214,0.03041297456859488,-0.11624026273204156
2021-06-05 10:44:16,4,-0.09411823144634214,0.03041297456859488,-0.11624026273204156
2021-06-05 10:48:32,4,-0.09411823144634214,0.03041297456859488,-0.11624026273204156
2021-06-05 10:54:56,4,-0.09411823144634214,0.03041297456859488,-0.11624026273204156
2021-06-05 10:59:12,4,-0.09411823144634214,0.03041297456859488,-0.11624026273204156
2021-06-05 11:05:36,4,-0.09411823144634214,0.03041297456859488,-0.11624026273204156
2021-06-05 11:09:52,4,-0.09411823144634214,0.03041297456859488,-0.11624026273204156
2021-06-05 11:14:08,4,-0.09411823144634214,0.03041297456859488,-0.11624026273204156
2021-06-05 11:20:32,4,-0.09451522208526072,0.026912909904412464,-0.043200370856091
2021-06-05 11:24:48,4,-0.09451522208526072,0.026912909904412464,-0.043200370856091
2021-06-05 11:29:04,4,-0.09451522208526072,0.026912909904412464,-0.043200370856091
2021-06-08 09:18:56,1,-0.09480123838703187,0.008379085144110484,0.19981211623470338
2021-06-08 09:25:20,1,-0.09480123838703187,0.008379085144110484,0.19981211623470338
2021-06-08 09:29:36,1,-0.09480123838703187,0.008379085144110484,0.19981211623470338
2021-06-08 09:33:52,1,-0.09712017720990475,0.007429281749556549,0.2808840383343991
2021-06-08 09:40:16,1,-0.09712017720990475,0.007429281749556549,0.2808840383343991
2021-06-08 09:48:48,1,-0.09730159348935152,0.006796045860358043,0.3010350852223624
2021-06-08 09:55:12,1,-0.09730159348935152,0.006796045860358043,0.3010350852223624
2021-06-08 09:59:28,1,-0.09730159348935152,0.006796045860358043,0.3010350852223624
2021-06-08 10:03:44,1,-0.09730159348935152,0.006796045860358043,0.3010350852223624
2021-06-08 10:10:08,1,-0.09730159348935152,0.006796045860358043,0.3010350852223624
2021-06-08 10:14:24,1,-0.09730159348935152,0.006796045860358043,0.3010350852223624
2021-06-08 10:18:40,1,-0.09730159348935152,0.006796045860358043,0.3010350852223624
2021-06-08 10:25:04,1,-0.09730159348935152,0.006796045860358043,0.3010350852223624
2021-06-08 10:29:20,1,-0.09730159348935152,0.006796045860358043,0.3010350852223624
2021-06-08 10:33:36,1,-0.09686584260044373,0.010760330487141567,0.2989484066583413
2021-06-08 10:40:00,1,-0.09702194763706849,0.010958600348075933,0.3049126751654971
2021-06-08 10:44:16,1,-0.09702194763706849,0.010958600348075933,0.3049126751654971
2021-06-08 10:48:32,1,-0.09702194763706849,0.010958600348075933,0.3049126751654971
2021-06-08 10:54:56,1,-0.09702194763706849,0.010958600348075933,0.3049126751654971
2021-06-08 10:59:12,1,-0.09585698954826964,0.016303497938983207,0.31627037277896847
2021-06-08 11:05:36,1,-0.09613929405465589,0.01761665555228174,0.316961027432332
2021-06-08 11:09:52,1,-0.09613929405465589,0.01761665555228174,0.316961027432332
2021-06-08 11:14:08,1,-0.09613929405465589,0.01761665555228174,0.316961027432332
2021-06-08 11:20:32,1,-0.09613929405465589,0.01761665555228174,0.316961027432332
2021-06-08 11:24:48,1,-0.09613929405465589,0.01761665555228174,0.316961027432332
2021-06-08 11:29:04,1,-0.09613929405465589,0.01761665555228174,0.316961027432332
2021-06-08 11:35:28,1,-0.09676849591890266,0.01969356006858623,0.32806102111276264
2021-06-08 11:39:44,1,-0.09676849591890266,0.01969356006858623,0.32806102111276264
2021-06-08 11:44:00,1,-0.09676849591890266,0.01969356006858623,0.32806102111276264
2021-06-08 11:50:24,1,-0.09676849591890266,0.01969356006858623,0.32806102111276264
2021-06-08 11:54:40,1,-0.09676849591890266,0.01969356006858623,0.32806102111276264
2021-06-08 09:25:20,2,-0.10088194703422816,0.013670410527592212,0.21833236194711866
2021-06-08 09:29:36,2,-0.10088194703422816,0.013670410527592212,0.21833236194711866
2021-06-08 09:33:52,2,-0.10345309577578994,0.0056050313426330035,0.08582048237218265
2021-06-08 09:40:16,2,-0.10345309577578994,0.0056050313426330035,0.08582048237218265
2021-06-08 09:44:32,2,-0.10332725616260968,0.006243584691950705,0.33309988673387375
2021-06-08 09:48:48,2,-0.10345309577578994,0.0056050313426330035,0.08582048237218265
2021-06-08 09:55:12,2,-0.10345309577578994,0.0056050313426330035,0.08582048237218265
2021-06-08 09:59:28,2,-0.10345309577578994,0.0056050313426330035,0.08582048237218265
2021-06-08 10:03:44,2,-0.10345309577578994,0.0056050313426330035,0.08582048237218265
2021-06-08 10:10:08,2,-0.10345309577578994,0.0056050313426330035,0.08582048237218265
2021-06-08 10:14:24,2,-0.10345309577578994,0.0056050313426330035,0.08582048237218265
2021-06-08 10:18:40,2,-0.10345309577578994,0.0056050313426330035,0.08582048237218265
2021-06-08 10:25:04,2,-0.10332725616260968,0.006243584691950705,0.33309988673387375
2021-06-08 10:29:20,2,-0.10332725616260968,0.006243584691950705,0.33309988673387375
2021-06-08 10:33:36,2,-0.10327026585773028,0.005576469185078038,0.35683921341347474
2021-06-08 10:40:00,2,-0.10327026585773028,0.005576469185078038,0.35683921341347474
2021-06-08 10:44:16,2,-0.10327026585773028,0.005576469185078038,0.35683921341347474
2021-06-08 10:48:32,2,-0.10343256663643151,0.006090332351954635,0.363601879558732
2021-06-08 10:54:56,2,-0.10327026585773028,0.005576469185078038,0.35683921341347474
2021-06-08 10:59:12,2,-0.10327026585773028,0.005576469185078038,0.35683921341347474
2021-06-08 11:05:36,2,-0.10327026585773028,0.005576469185078038,0.35683921341347474
2021-06-08 11:09:52,2,-0.10343256663643151,0.006090332351954635,0.363601879558732
2021-06-08 11:14:08,2,-0.10343256663643151,0.006090332351954635,0.363601879558732
2021-06-08 11:20:32,2,-0.10321203440691518,0.011407744470950776,0.16195337035592677
2021-06-08 11:24:48,2,-0.10327026585773028,0.005576469185078038,0.35683921341347474
2021-06-18 13:54:08,1,-0.10257026778702186,0.0724356036566,-0.07049388919256427
2021-06-18 14:00:32,1,-0.10257026778702186,0.0724356036566,-0.07049388919256427
2021-06-18 14:04:48,1,-0.10562955841131971,0.08638875891255067,-0.08369759915782286
2021-06-18 14:09:04,1,-0.10562955841131971,0.08638875891255067,-0.08369759915782286
2021-06-18 14:15:28,1,-0.10562955841131971,0.08638875891255067,-0.08369759915782286
2021-06-18 14:19:44,1,-0.10562955841131971,0.08638875891255067,-0.08369759915782286
2021-06-18 14:24:00,1,-0.10562955841131971,0.08638875891255067,-0.08369759915782286
2021-06-18 14:30:24,1,-0.1052387607878288,0.08903920681708681,-0.112774345465466
2021-06-18 14:34:40,1,-0.1052387607878288,0.08903920681708681,-0.112774345465466
2021-06-18 14:38:56,1,-0.1052387607878288,0.08903920681708681,-0.112774345465466
2021-06-18 14:45:20,1,-0.1052387607878288,0.08903920681708681,-0.112774345465466
2021-06-18 14:49:36,1,-0.1052387607878288,0.08903920681708681,-0.112774345465466
2021-06-18 14:56:00,1,-0.1052387607878288,0.08903920681708681,-0.112774345465466
2021-06-18 15:00:16,1,-0.1052387607878288,0.08903920681708681,-0.112774345465466
2021-06-18 15:04:32,1,-0.10429486914440593,0.09391528004671619,-0.032405700413526695
2021-06-18 15:08:48,1,-0.10488920216855746,0.07557386540100637,-0.07106839124291343
2021-06-18 15:15:12,1,-0.1052387607878288,0.08903920681708681,-0.112774345465466
2021-06-18 15:19:28,1,-0.10540141659289332,0.09509988208787633,-0.09219400875125311
2021-06-18 15:23:44,1,-0.10429486914440593,0.09391528004671619,-0.032405700413526695
2021-06-18 15:30:08,1,-0.10417451227238747,0.08706367443304146,-0.08483746675474452
2021-06-18 15:34:24,1,-0.10417451227238747,0.08706367443304146,-0.08483746675474452
2021-06-18 15:38:40,1,-0.10417451227238747,0.08706367443304146,-0.08483746675474452
2021-06-18 15:45:04,1,-0.10417451227238747,0.08706367443304146,-0.08483746675474452
2021-06-18 15:49:20,1,-0.10417451227238747,0.08706367443304146,-0.08483746675474452
2021-06-18 15:55:44,1,-0.10417451227238747,0.08706367443304146,-0.08483746675474452
2021-06-18 16:00:00,1,-0.10417451227238747,0.08706367443304146,-0.08483746675474452
2021-06-18 16:04:16,1,-0.10405238911113909,0.08564084424381763,-0.09482587480123066
2021-06-18 16:08:32,1,-0.10405238911113909,0.08564084424381763,-0.09482587480123066
2021-06-18 16:14:56,1,-0.10405238911113909,0.08564084424381763,-0.09482587480123066
2021-06-18 16:19:12,1,-0.10405238911113909,0.08564084424381763,-0.09482587480123066
2021-06-18 16:25:36,1,-0.10405238911113909,0.08564084424381763,-0.09482587480123066
2021-06-18 16:29:52,1,-0.10405238911113909,0.08564084424381763,-0.09482587480123066
2021-06-18 16:34:08,1,-0.1046233620095042,0.07438444036298093,-0.0347384786690231
2021-06-18 16:40:32,1,-0.10471645875103706,0.07383725397565725,-0.03248292879087734
2021-06-18 16:44:48,1,-0.10460336266576717,0.07863454558786037,-0.05176481911988384
2021-06-21 18:29:20,1,-0.10061185944818817,0.07813909041143097,0.08557895599635305
2021-06-21 18:33:36,1,-0.1004138059194109,0.07576181938373938,0.3110619208411832
2021-06-21 18:40:00,1,-0.09930637064233291,0.07655341703701864,0.29363480654016
2021-06-21 18:44:16,1,-0.09930637064233291,0.07655341703701864,0.29363480654016
2021-06-21 18:48:32,1,-0.09930637064233291,0.07655341703701864,0.29363480654016
2021-06-21 18:54:56,1,-0.09917964563960523,0.06938865624486873,0.2773531521147331
2021-06-21 18:59:12,1,-0.09917964563960523,0.06938865624486873,0.2773531521147331
2021-06-21 19:05:36,1,-0.09930637064233291,0.07655341703701864,0.29363480654016
2021-06-21 19:09:52,1,-0.09917964563960523,0.06938865624486873,0.2773531521147331
2021-06-21 19:14:08,1,-0.09930637064233291,0.07655341703701864,0.29363480654016
2021-06-21 19:20:32,1,-0.09930637064233291,0.07655341703701864,0.29363480654016
2021-06-21 19:24:48,1,-0.09930637064233291,0.07655341703701864,0.29363480654016
2021-06-21 19:29:04,1,-0.09930637064233291,0.07655341703701864,0.29363480654016
2021-06-21 19:35:28,1,-0.09915947129241134,0.06839440631022495,0.28594064344558046
2021-06-21 19:39:44,1,-0.09915947129241134,0.06839440631022495,0.28594064344558046
2021-06-21 19:44:00,1,-0.09915947129241134,0.06839440631022495,0.28594064344558046
2021-06-21 19:50:24,1,-0.09915947129241134,0.06839440631022495,0.28594064344558046
2021-06-21 19:54:40,1,-0.09915947129241134,0.06839440631022495,0.28594064344558046
2021-06-21 19:58:56,1,-0.09915947129241134,0.06839440631022495,0.28594064344558046
2021-06-21 20:05:20,1,-0.0987419486425619,0.07047056184616764,0.2800285223226632
2021-06-21 20:09:36,1,-0.0987419486425619,0.07047056184616764,0.2800285223226632
2021-06-21 17:48:48,2,-0.09930796643485011,0.06529380099541317,-0.09571369353437845
2021-06-21 17:55:12,2,-0.09930796643485011,0.06529380099541317,-0.09571369353437845
2021-06-21 17:59:28,2,-0.09930796643485011,0.06529380099541317,-0.09571369353437845
2021-06-21 18:03:44,2,-0.09930796643485011,0.06529380099541317,-0.09571369353437845
2021-06-21 18:10:08,2,-0.09930796643485011,0.06529380099541317,-0.09571369353437845
2021-06-21 18:14:24,2,-0.09908760820236881,0.07311639677739776,-0.08529443008287818
2021-06-21 18:18:40,2,-0.09908760820236881,0.07311639677739776,-0.08529443008287818
2021-06-21 18:25:04,2,-0.09908760820236881,0.07311639677739776,-0.08529443008287818
2021-06-21 18:29:20,2,-0.09908760820236881,0.07311639677739776,-0.08529443008287818
2021-06-21 18:33:36,2,-0.09922406922399474,0.05782706978046788,-0.08845894143433697
2021-06-21 18:40:00,2,-0.09922406922399474,0.05782706978046788,-0.08845894143433697
2021-06-21 18:44:16,2,-0.09948300910207022,0.054616292025135675,-0.07480224744408531
2021-06-21 18:48:32,2,-0.09948300910207022,0.054616292025135675,-0.07480224744408531
2021-06-21 18:54:56,2,-0.09948300910207022,0.054616292025135675,-0.07480224744408531
2021-06-21 18:59:12,2,-0.09948300910207022,0.054616292025135675,-0.07480224744408531
2021-06-21 19:05:36,2,-0.0992410624512529,0.06172396610901419,-0.07729285937283946
2021-06-21 19:09:52,2,-0.0992410624512529,0.06172396610901419,-0.07729285937283946
2021-06-21 19:14:08,2,-0.0992410624512529,0.06172396610901419,-0.07729285937283946
2021-06-21 19:20:32,2,-0.0992410624512529,0.06172396610901419,-0.07729285937283946
2021-06-21 19:24:48,2,-0.0992410624512529,0.06172396610901419,-0.07729285937283946
2021-06-21 15:23:44,3,-0.09765822788677385,0.08080726797390828,-0.09280715321228568
2021-06-21 15:30:08,3,-0.0977152237849953,0.07787711059097695,-0.1173277493367153
2021-06-21 15:34:24,3,-0.0977152237849953,0.07787711059097695,-0.1173277493367153
2021-06-21 15:38:40,3,-0.0977152237849953,0.07787711059097695,-0.1173277493367153
2021-06-21 15:45:04,3,-0.0977152237849953,0.07787711059097695,-0.1173277493367153
2021-06-21 15:49:20,3,-0.09754796522697516,0.08201637160039582,-0.14436116257389034
2021-06-21 15:55:44,3,-0.09754796522697516,0.08201637160039582,-0.14436116257389034
2021-06-21 16:00:00,3,-0.09754796522697516,0.08201637160039582,-0.14436116257389034
2021-06-21 16:04:16,3,-0.09754796522697516,0.08201637160039582,-0.14436116257389034
2021-06-21 16:08:32,3,-0.09754796522697516,0.08201637160039582,-0.14436116257389034
2021-06-21 16:14:56,3,-0.09754796522697516,0.08201637160039582,-0.14436116257389034
2021-06-21 16:19:12,3,-0.09754796522697516,0.08201637160039582,-0.14436116257389034
2021-06-21 16:25:36,3,-0.09639716759403194,0.08318363518841498,-0.15775263342393184
2021-06-21 16:29:52,3,-0.09639716759403194,0.08318363518841498,-0.15775263342393184
2021-06-21 16:34:08,3,-0.097392918898996,0.07354767547877487,-0.10381727856661364
2021-06-21 16:40:32,3,-0.09806354007889738,0.06977151624291345,-0.0954363273688122
2021-06-21 16:44:48,3,-0.09806354007889738,0.06977151624291345,-0.0954363273688122
2021-06-21 16:49:04,3,-0.09806354007889738,0.06977151624291345,-0.0954363273688122
2021-06-21 16:55:28,3,-0.09806354007889738,0.06977151624291345,-0.0954363273688122
2021-06-21 16:59:44,3,-0.09806354007889738,0.06977151624291345,-0.0954363273688122
2021-06-21 17:04:00,3,-0.09792530964539115,0.06709027632991825,-0.08817752858389795
2021-06-21 17:10:24,3,-0.09792530964539115,0.06709027632991825,-0.08817752858389795
2021-06-22 11:09:52,1,-0.09665167951161883,0.16068724508834095,0.28410979360394767
2021-06-22 11:14:08,1,-0.09665167951161883,0.16068724508834095,0.28410979360394767
2021-06-22 11:20:32,1,-0.09665167951161883,0.16068724508834095,0.28410979360394767
2021-06-22 11:24:48,1,-0.09665167951161883,0.16068724508834095,0.28410979360394767
2021-06-22 11:29:04,1,-0.09670477892445249,0.15407882776513568,0.3186674053901065
2021-06-22 11:35:28,1,-0.09642601504368062,0.152876146198374,-0.24148938636442202
2021-06-22 11:39:44,1,-0.09571522282288136,0.15408531935025105,0.03988515236103434
2021-06-22 11:44:00,1,-0.09571522282288136,0.15408531935025105,0.03988515236103434
2021-06-22 11:50:24,1,-0.09571522282288136,0.15408531935025105,0.03988515236103434
2021-06-22 11:54:40,1,-0.09571522282288136,0.15408531935025105,0.03988515236103434
2021-06-22 11:58:56,1,-0.09571522282288136,0.15408531935025105,0.03988515236103434
2021-06-22 12:05:20,1,-0.09571522282288136,0.15408531935025105,0.03988515236103434
2021-06-22 12:09:36,1,-0.09624336237612022,0.14993742254139047,0.272897679691821
2021-06-22 12:13:52,1,-0.09624336237612022,0.14993742254139047,0.272897679691821
2021-06-22 12:20:16,1,-0.09624336237612022,0.14993742254139047,0.272897679691821
2021-06-22 12:24:32,1,-0.09624336237612022,0.14993742254139047,0.272897679691821
2021-06-22 12:28:48,1,-0.09624336237612022,0.14993742254139047,0.272897679691821
2021-06-22 12:35:12,1,-0.09352566324082096,0.14331204831283706,-0.027242577746906114
2021-06-22 12:39:28,1,-0.09352566324082096,0.14331204831283706,-0.027242577746906114
2021-06-22 12:43:44,1,-0.09352566324082096,0.14331204831283706,-0.027242577746906114
2021-06-22 12:50:08,1,-0.09352566324082096,0.14331204831283706,-0.027242577746906114
2021-06-22 12:54:24,1,-0.09352566324082096,0.14331204831283706,-0.027242577746906114
2021-06-22 12:58:40,1,-0.09551734574917144,0.14268454063888145,0.10446089374913578
2021-06-22 13:05:04,1,-0.09551734574917144,0.14268454063888145,0.10446089374913578
2021-06-22 13:09:20,1,-0.09551734574917144,0.14268454063888145,0.10446089374913578
2021-06-22 13:13:36,1,-0.09551734574917144,0.14268454063888145,0.10446089374913578
2021-06-22 13:20:00,1,-0.09551734574917144,0.14268454063888145,0.10446089374913578
2021-06-22 13:24:16,1,-0.09621416032841776,0.1384417027329977,0.33757498898126376
2021-06-22 13:30:40,1,-0.09406283295893035,0.1226970508372889,-0.1021451507838426
2021-06-22 13:34:56,1,-0.09585380672353559,0.12400535402888746,-0.10879979145421387
2021-06-22 13:39:12,1,-0.09585380672353559,0.12400535402888746,-0.10879979145421387
2021-06-22 13:45:36,1,-0.09585380672353559,0.12400535402888746,-0.10879979145421387
2021-06-22 13:49:52,1,-0.09585380672353559,0.12400535402888746,-0.10879979145421387
2021-06-22 13:54:08,1,-0.09585380672353559,0.12400535402888746,-0.10879979145421387
2021-06-22 14:00:32,1,-0.09636813874371285,0.12438050474318785,0.36205458244391253
2021-06-22 11:05:36,2,-0.08472088616717177,0.10325459424584313,-0.05102574576318791
2021-06-22 11:09:52,2,-0.08562000036028632,0.11219197004875246,-0.05243344305257881
2021-06-22 11:14:08,2,-0.08472088616717177,0.10325459424584313,-0.05102574576318791
2021-06-22 11:20:32,2,-0.08472088616717177,0.10325459424584313,-0.05102574576318791
2021-06-22 11:24:48,2,-0.0854279648772383,0.11336850667632788,-0.05751898490433144
2021-06-22 11:29:04,2,-0.0854279648772383,0.11336850667632788,-0.05751898490433144
2021-06-22 11:35:28,2,-0.08639734298465526,0.11112004200758129,-0.05311751644168279
2021-06-22 11:39:44,2,-0.08639734298465526,0.11112004200758129,-0.05311751644168279
2021-06-22 11:44:00,2,-0.08639734298465526,0.11112004200758129,-0.05311751644168279
2021-06-22 11:50:24,2,-0.08537911578485395,0.097661255456705,-0.059178190518269495
2021-06-22 11:54:40,2,-0.08537911578485395,0.097661255456705,-0.059178190518269495
2021-06-22 11:58:56,2,-0.08537911578485395,0.097661255456705,-0.059178190518269495
2021-06-22 12:05:20,2,-0.08585150303882835,0.10878325278358121,-0.05393628469821625
2021-06-22 12:09:36,2,-0.08585150303882835,0.10878325278358121,-0.05393628469821625
2021-06-22 12:13:52,2,-0.08585150303882835,0.10878325278358121,-0.05393628469821625
2021-06-22 12:20:16,2,-0.08492513492413326,0.09726350315060234,-0.05636169190533393
2021-06-22 12:24:32,2,-0.08492513492413326,0.09726350315060234,-0.05636169190533393
2021-06-22 12:28:48,2,-0.08492513492413326,0.09726350315060234,-0.05636169190533393
2021-06-22 12:35:12,2,-0.08588601803535646,0.09914100116966044,0.11298712401263483
2021-06-22 12:39:28,2,-0.08754212344404871,0.0995701527215738,-0.05784868925651618
2021-06-22 12:43:44,2,-0.08754212344404871,0.0995701527215738,-0.05784868925651618
2021-06-22 12:50:08,2,-0.08588601803535646,0.09914100116966044,0.11298712401263483
2021-06-22 12:54:24,2,-0.08588601803535646,0.09914100116966044,0.11298712401263483
2021-06-22 12:58:40,2,-0.08588601803535646,0.09914100116966044,0.11298712401263483
2021-06-22 13:05:04,2,-0.08588601803535646,0.09914100116966044,0.11298712401263483
2021-06-22 13:09:20,2,-0.08549363131491482,0.08915304315617653,0.07999035698544663
2021-06-22 13:13:36,2,-0.08549363131491482,0.08915304315617653,0.07999035698544663
2021-06-22 13:20:00,2,-0.08549363131491482,0.08915304315617653,0.07999035698544663
2021-06-22 13:24:16,2,-0.08549363131491482,0.08915304315617653,0.07999035698544663
2021-06-22 14:34:40,3,-0.09172530712701576,0.1542312491425371,-0.14094545671581168
2021-06-22 14:38:56,3,-0.09209592995601416,0.12109708303265863,-0.1245362908017319
2021-06-22 14:45:20,3,-0.09209592995601416,0.12109708303265863,-0.1245362908017319
2021-06-22 14:49:36,3,-0.09209592995601416,0.12109708303265863,-0.1245362908017319
2021-06-22 14:56:00,3,-0.09209592995601416,0.12109708303265863,-0.1245362908017319
2021-06-22 15:00:16,3,-0.09209592995601416,0.12109708303265863,-0.1245362908017319
2021-06-22 15:04:32,3,-0.09224442447392285,0.11391484387153017,-0.15063684055024545
2021-06-22 15:08:48,3,-0.09263115027098529,0.11136927992896696,-0.15772317207809045
2021-06-22 15:15:12,3,-0.09263115027098529,0.11136927992896696,-0.15772317207809045
2021-06-22 15:19:28,3,-0.09270548664363083,0.10861027852623863,-0.07255006368181348
2021-06-22 15:23:44,3,-0.09263115027098529,0.11136927992896696,-0.15772317207809045
2021-06-22 15:30:08,3,-0.09217345088351085,0.12153411439878753,-0.043939995419662606
2021-06-22 15:34:24,3,-0.09217345088351085,0.12153411439878753,-0.043939995419662606
2021-06-22 15:38:40,3,-0.09217345088351085,0.12153411439878753,-0.043939995419662606
2021-06-22 15:45:04,3,-0.09217345088351085,0.12153411439878753,-0.043939995419662606
2021-06-22 15:45:04,3,-0.09217345088351085,0.12153411439878753,-0.043939995419662606
2021-06-22 15:49:20,3,-0.09217345088351085,0.12153411439878753,-0.043939995419662606
2021-06-22 15:55:44,3,-0.09284265679384755,0.11327638774635514,0.03843885573665653
2021-06-22 16:00:00,3,-0.09284265679384755,0.11327638774635514,0.03843885573665653
2021-07-13 13:05:04,1,-0.09736849710582632,0.11891842955192632,0.15635195409724145
2021-07-13 13:09:20,1,-0.09736849710582632,0.11891842955192632,0.15635195409724145
2021-07-13 13:13:36,1,-0.0964207089010593,0.10023217604645585,0.16277613371452399
2021-07-13 13:20:00,1,-0.0964207089010593,0.10023217604645585,0.16277613371452399
2021-07-13 13:24:16,1,-0.0964207089010593,0.10023217604645585,0.16277613371452399
2021-07-13 13:28:32,1,-0.09595061773114501,0.08246232112108078,0.1590686368689073
2021-07-13 13:34:56,1,-0.09557876186877225,0.09462450827539495,0.191931250918228
2021-07-13 13:39:12,1,-0.09681291938039052,0.10227412603597727,0.1884124213024578
2021-07-13 13:45:36,1,-0.09681291938039052,0.10227412603597727,0.1884124213024578
2021-07-13 13:49:52,1,-0.09681291938039052,0.10227412603597727,0.1884124213024578
2021-07-13 13:54:08,1,-0.09681291938039052,0.10227412603597727,0.1884124213024578
2021-07-13 14:00:32,1,-0.09681291938039052,0.10227412603597727,0.1884124213024578
2021-07-13 14:04:48,1,-0.09681291938039052,0.10227412603597727,0.1884124213024578
2021-07-13 14:09:04,1,-0.09681291938039052,0.10227412603597727,0.1884124213024578
2021-07-13 14:15:28,1,-0.09681291938039052,0.10227412603597727,0.1884124213024578
2021-07-13 14:19:44,1,-0.09681291938039052,0.10227412603597727,0.1884124213024578
2021-07-25 13:34:56,1,-0.10136017720045241,0.05976583342425592,0.12097244910856265
2021-07-25 13:39:12,1,-0.10136017720045241,0.05976583342425592,0.12097244910856265
2021-07-25 13:45:36,1,-0.10052477637434425,0.05996759779263387,0.12410071421935491
2021-07-25 13:49:52,1,-0.10052477637434425,0.05996759779263387,0.12410071421935491
2021-07-25 13:54:08,1,-0.10052477637434425,0.05996759779263387,0.12410071421935491
2021-07-25 14:00:32,1,-0.10052477637434425,0.05996759779263387,0.12410071421935491
2021-07-25 14:04:48,1,-0.10052477637434425,0.05996759779263387,0.12410071421935491
2021-07-25 14:09:04,1,-0.10052477637434425,0.05996759779263387,0.12410071421935491
2021-07-25 14:15:28,1,-0.10052477637434425,0.05996759779263387,0.12410071421935491
2021-07-25 14:19:44,1,-0.10052477637434425,0.05996759779263387,0.12410071421935491
2021-07-25 14:24:00,1,-0.1009419473968776,0.06363314535765521,0.12169579294930515
2021-07-25 14:30:24,1,-0.10135380398910658,0.05741636549688018,0.09696229647746128
2021-07-25 14:34:40,1,-0.10135380398910658,0.05741636549688018,0.09696229647746128
2021-07-25 14:38:56,1,-0.10135380398910658,0.05741636549688018,0.09696229647746128
2021-07-25 14:45:20,1,-0.10135380398910658,0.05741636549688018,0.09696229647746128
2021-07-25 14:49:36,1,-0.10071132547665484,0.05948053900119477,0.10759308590509192
2021-07-25 14:56:00,1,-0.10071132547665484,0.05948053900119477,0.10759308590509192
2021-07-25 15:00:16,1,-0.10045699122943708,0.05584156529249342,0.11550138760456996
2021-07-25 15:04:32,1,-0.10071132547665484,0.05948053900119477,0.10759308590509192
2021-07-25 15:08:48,1,-0.10045699122943708,0.05584156529249342,0.11550138760456996
2021-07-25 15:15:12,1,-0.10045699122943708,0.05584156529249342,0.11550138760456996
2021-07-25 15:19:28,1,-0.10045699122943708,0.05584156529249342,0.11550138760456996
2021-07-25 15:23:44,1,-0.10045699122943708,0.05584156529249342,0.11550138760456996
2021-07-25 15:30:08,1,-0.10026707928581576,0.0633908062149993,0.10651965872165378
2021-07-25 15:34:24,1,-0.10026707928581576,0.0633908062149993,0.10651965872165378
2021-07-25 15:38:40,1,-0.10026707928581576,0.0633908062149993,0.10651965872165378
2021-07-25 15:45:04,1,-0.10026707928581576,0.0633908062149993,0.10651965872165378
2021-07-25 15:49:20,1,-0.10012548786770979,0.06386902831086015,0.1198592958703505
2021-07-26 10:03:44,1,-0.09186318688688026,0.08411185267963239,-0.045409092185771584
2021-07-26 10:10:08,1,-0.0919555752678255,0.13956009255468318,-0.16736936018952225
2021-07-26 10:14:24,1,-0.0919555752678255,0.13956009255468318,-0.16736936018952225
2021-07-26 10:18:40,1,-0.0919555752678255,0.13956009255468318,-0.16736936018952225
2021-07-26 10:25:04,1,-0.09197840789356063,0.12734763515312061,-0.07373627357145328
2021-07-26 10:29:20,1,-0.0924256658722869,0.13971591209732326,0.1058910606181727
2021-07-26 10:33:36,1,-0.09439468848810788,0.12901343273905524,-0.14431017202191643
2021-07-26 10:40:00,1,-0.09439468848810788,0.12901343273905524,-0.14431017202191643
2021-07-26 10:44:16,1,-0.09439468848810788,0.12901343273905524,-0.14431017202191643
2021-07-26 10:48:32,1,-0.09439468848810788,0.12901343273905524,-0.14431017202191643
2021-07-26 10:54:56,1,-0.09439468848810788,0.12901343273905524,-0.14431017202191643
2021-07-26 10:59:12,1,-0.09439468848810788,0.12901343273905524,-0.14431017202191643
2021-07-26 11:05:36,1,-0.09439468848810788,0.12901343273905524,-0.14431017202191643
2021-07-26 11:09:52,1,-0.09439468848810788,0.12901343273905524,-0.14431017202191643
2021-07-26 11:14:08,1,-0.09325327604850836,0.13290711467877955,-0.10281418116746747
2021-07-26 11:20:32,1,-0.09325327604850836,0.13290711467877955,-0.10281418116746747
2021-07-26 11:24:48,1,-0.09325327604850836,0.13290711467877955,-0.10281418116746747
2021-07-26 11:29:04,1,-0.09325327604850836,0.13290711467877955,-0.10281418116746747
2021-07-26 11:35:28,1,-0.09539822952304268,0.12545999835866742,-0.16399303578064506
2021-07-26 11:39:44,1,-0.09539822952304268,0.12545999835866742,-0.16399303578064506
2021-07-26 09:10:24,2,-0.09280495733919399,0.08983316786099324,-0.035314066118898646
2021-07-26 09:14:40,2,-0.09280495733919399,0.08983316786099324,-0.035314066118898646
2021-07-26 09:18:56,2,-0.09196247777685655,0.08455744167766739,-0.029148778324633563
2021-07-26 09:25:20,2,-0.09276460426465599,0.09239935844556421,-0.036371680875795065
2021-07-26 09:33:52,2,-0.09286177158672197,0.06425076857710305,-0.021292585254770468
2021-07-26 09:40:16,2,-0.0936757520532186,0.07467791943845496,-0.03559785177855366
2021-07-26 09:44:32,2,-0.09311185788264316,0.0667219259549031,-0.024775567248859227
2021-07-26 09:48:48,2,-0.09311185788264316,0.0667219259549031,-0.024775567248859227
2021-07-26 09:55:12,2,-0.09311185788264316,0.0667219259549031,-0.024775567248859227
2021-07-26 09:59:28,2,-0.09311185788264316,0.0667219259549031,-0.024775567248859227
2021-07-26 10:03:44,2,-0.09208212185538975,0.05668617447709616,-0.024376375181485065
2021-07-26 10:10:08,2,-0.09208212185538975,0.05668617447709616,-0.024376375181485065
2021-07-26 10:14:24,2,-0.09209327556601668,0.0571595709133992,-0.025233016292605773
2021-07-26 10:18:40,2,-0.09209327556601668,0.0571595709133992,-0.025233016292605773
2021-07-26 10:25:04,2,-0.0911938050468411,0.053124243643431525,-0.038175014799675056
2021-07-26 10:29:20,2,-0.0911938050468411,0.053124243643431525,-0.038175014799675056
2021-07-26 10:33:36,2,-0.09307327273145187,0.05679547470227807,-0.03325319327295354
2021-07-26 10:40:00,2,-0.09307327273145187,0.05679547470227807,-0.03325319327295354
2021-07-26 10:44:16,2,-0.09307327273145187,0.05679547470227807,-0.03325319327295354
2021-07-26 10:48:32,2,-0.09307327273145187,0.05679547470227807,-0.03325319327295354
2021-07-26 10:54:56,2,-0.09307327273145187,0.05679547470227807,-0.03325319327295354
2021-07-26 10:59:12,2,-0.0925437188760369,0.058336849313921635,-0.03236329691388966
2021-07-26 11:05:36,2,-0.0925437188760369,0.058336849313921635,-0.03236329691388966
2021-07-26 11:09:52,2,-0.0925437188760369,0.058336849313921635,-0.03236329691388966
2021-07-26 11:14:08,2,-0.0925437188760369,0.058336849313921635,-0.03236329691388966
2021-07-26 11:20:32,2,-0.09296548797809971,0.05171187848116445,-0.027985738568601357
2021-07-26 11:24:48,2,-0.0925437188760369,0.058336849313921635,-0.03236329691388966
2021-07-26 11:29:04,2,-0.09266229991997238,0.05088521812236415,-0.030589690892042304
2021-07-26 11:35:28,2,-0.09328672518877859,0.06654349085714964,-0.014393006991496126
2021-07-26 11:39:44,2,-0.09337911624402072,0.06874975602816691,0.0012294730127385245
2021-07-26 11:44:00,2,-0.09337911624402072,0.06874975602816691,0.0012294730127385245
